{
  "view/NotFound.view.xml": 1646921109344,
  "Component.js": 1646921108948,
  "utils/locate-reuse-libs.js": 1646921109094,
  "model/models.js": 1646921109095,
  "model/formatter.js": 1646921109309,
  "controller/Worklist.controller.js": 1646921109260,
  "controller/Object.controller.js": 1646921109230,
  "controller/NotFound.controller.js": 1646921109230,
  "controller/ErrorHandler.js": 1646921109229,
  "controller/BaseController.js": 1646921109162,
  "controller/App.controller.js": 1646921109162,
  "manifest.json": 1647008282450,
  "manifest-bundle.zip": 1647008282492,
  "Component-preload.js": 1647008283627,
  "controller/ErrorHandler-dbg.js": 1646921109229,
  "model/models-dbg.js": 1646921109095,
  "model/formatter-dbg.js": 1646921109309,
  "controller/Worklist-dbg.controller.js": 1646921109260,
  "controller/Object-dbg.controller.js": 1646921109230,
  "controller/NotFound-dbg.controller.js": 1646921109230,
  "utils/locate-reuse-libs-dbg.js": 1646921109094,
  "controller/BaseController-dbg.js": 1646921109162,
  "controller/App-dbg.controller.js": 1646921109162,
  "Component-dbg.js": 1646921108948,
  "view/Worklist.view.xml": 1646921416303,
  "view/ObjectNotFound.view.xml": 1646921109473,
  "view/Object.view.xml": 1646921339969,
  "i18n/i18n.properties": 1646921109058,
  "view/App.view.xml": 1646921109344,
  "index.html": 1646921108948
}